{
  "inputs": {
    "stow_width": 0.6,
    "stow_depth": 1.5,
    "expanded_depth": 2.5
  },
  "solution": {
    "long": 0.2576694155208726,
    "short": 0.2206658616357326,
    "offset": 0.04722939283874918,
    "hinge_par": 0.037003553885142614,
    "n_cells": 6,
    "alpha_stow": 0.0,
    "alpha_deploy": 2.858359527456725,
    "beta_stow": 0.0,
    "beta_deploy": 2.4697815540955323,
    "theta_deploy": 1.0471975511968377,
    "a_stow": 0.2576694155208726,
    "b_stow": 0.2206658616357326,
    "c_stow": 0.0,
    "a_deploy": 0.03636840907195456,
    "b_deploy": 0.07273681814387864,
    "c_deploy": 0.41666666666666663,
    "width_stow": 0.5893459388120303,
    "depth_stow": 0.0,
    "depth_deploy": 2.5
  },
  "status": "optimal"
}