{
  "inputs": {
    "stow_width": 0.5,
    "stow_depth": 1.5,
    "expanded_depth": 8.0
  },
  "solution": {
    "long": 0.23095160282272081,
    "short": 0.21708618279058045,
    "offset": 0.06787982842418618,
    "hinge_par": 0.013865420032140361,
    "n_cells": 26,
    "alpha_stow": 0.0,
    "alpha_deploy": 2.4656304022767,
    "beta_stow": 0.0,
    "beta_deploy": 1.5752708464573324,
    "theta_deploy": 1.0471975511966445,
    "a_stow": 0.23095160282272081,
    "b_stow": 0.21708618279058045,
    "c_stow": 0.0,
    "a_deploy": 0.07657965086323429,
    "b_deploy": 0.15315930172646128,
    "c_deploy": 0.30769230769230776,
    "width_stow": 0.48963404570972235,
    "depth_stow": 0.0,
    "depth_deploy": 8.000000000000002
  },
  "status": "optimal"
}