{
  "inputs": {
    "stow_width": 0.3,
    "stow_depth": 3.0,
    "expanded_depth": 1.25
  },
  "solution": {
    "long": 0.13538011274202283,
    "short": 0.12026637603316871,
    "offset": 0.028547433262818656,
    "hinge_par": 0.015,
    "n_cells": 6,
    "alpha_stow": 0.1499072320871461,
    "alpha_deploy": 2.69384701681892,
    "beta_stow": 0.13313632200188089,
    "beta_deploy": 2.094825221276153,
    "theta_deploy": 1.0471975513429959,
    "a_stow": 0.1350000049944075,
    "b_stow": 0.12000000501721418,
    "c_stow": 0.01599999999978786,
    "a_deploy": 0.03005539369662391,
    "b_deploy": 0.06011078738182317,
    "c_deploy": 0.20833333333305787,
    "width_stow": 0.30000000998881504,
    "depth_stow": 0.09599999999872716,
    "depth_deploy": 1.249999999998347,
    "thickness": 0.016
  },
  "status": "optimal"
}